id1,id2,distance
pep_0946,pep_0453,0.35
pep_0946,pep_0305,0.42
pep_0453,pep_0305,0.4
pep_0434,pep_0865,0.35
pep_0434,pep_0292,0.42
pep_0865,pep_0292,0.4
pep_0987,pep_0924,0.35
pep_0987,pep_0261,0.42
pep_0924,pep_0261,0.4
pep_0547,pep_0592,0.35
pep_0547,pep_0391,0.42
pep_0592,pep_0391,0.4
pep_0408,pep_0262,0.35
pep_0408,pep_0595,0.42
pep_0262,pep_0595,0.4
pep_0619,pep_0197,0.35
pep_0619,pep_0079,0.42
pep_0197,pep_0079,0.4
pep_0766,pep_0645,0.35
pep_0766,pep_0992,0.42
pep_0645,pep_0992,0.4
pep_0418,pep_0417,0.35
pep_0418,pep_0166,0.42
pep_0417,pep_0166,0.4
pep_0280,pep_0389,0.35
pep_0280,pep_0577,0.42
pep_0389,pep_0577,0.4
pep_0811,pep_0730,0.35
pep_0811,pep_0670,0.42
pep_0730,pep_0670,0.4
pep_0786,pep_0675,0.35
pep_0786,pep_0988,0.42
pep_0675,pep_0988,0.4
pep_0481,pep_0613,0.35
pep_0481,pep_0363,0.42
pep_0613,pep_0363,0.4
pep_0856,pep_0071,0.35
pep_0856,pep_0780,0.42
pep_0071,pep_0780,0.4
pep_0676,pep_0546,0.35
pep_0676,pep_0338,0.42
pep_0546,pep_0338,0.4
pep_0737,pep_0741,0.35
pep_0737,pep_0688,0.42
pep_0741,pep_0688,0.4
pep_0381,pep_0415,0.35
pep_0381,pep_0347,0.42
pep_0415,pep_0347,0.4
pep_0571,pep_0190,0.35
pep_0571,pep_0752,0.42
pep_0190,pep_0752,0.4
pep_0594,pep_0744,0.35
pep_0594,pep_0664,0.42
pep_0744,pep_0664,0.4
pep_0109,pep_0879,0.35
pep_0109,pep_0543,0.42
pep_0879,pep_0543,0.4
pep_0193,pep_0372,0.35
pep_0193,pep_0562,0.42
pep_0372,pep_0562,0.4
pep_0973,pep_0337,0.35
pep_0973,pep_0671,0.42
pep_0337,pep_0671,0.4
pep_0873,pep_0554,0.35
pep_0873,pep_0625,0.42
pep_0554,pep_0625,0.4
pep_0648,pep_0578,0.35
pep_0648,pep_0473,0.42
pep_0578,pep_0473,0.4
pep_0115,pep_0064,0.35
pep_0115,pep_0016,0.42
pep_0064,pep_0016,0.4
pep_0276,pep_0424,0.35
pep_0276,pep_0459,0.42
pep_0424,pep_0459,0.4
pep_0823,pep_0929,0.35
pep_0823,pep_0831,0.42
pep_0929,pep_0831,0.4
pep_0829,pep_0513,0.35
pep_0829,pep_0223,0.42
pep_0513,pep_0223,0.4
pep_0196,pep_0460,0.35
pep_0196,pep_0800,0.42
pep_0460,pep_0800,0.4
pep_0364,pep_0981,0.35
pep_0364,pep_0706,0.42
pep_0981,pep_0706,0.4
pep_0099,pep_0734,0.35
pep_0099,pep_0047,0.42
pep_0734,pep_0047,0.4
pep_0732,pep_0412,0.35
pep_0732,pep_0722,0.42
pep_0412,pep_0722,0.4
pep_0059,pep_0878,0.35
pep_0059,pep_0431,0.42
pep_0878,pep_0431,0.4
pep_0678,pep_0100,0.35
pep_0678,pep_0919,0.42
pep_0100,pep_0919,0.4
pep_0922,pep_0321,0.35
pep_0922,pep_0947,0.42
pep_0321,pep_0947,0.4
pep_0726,pep_0249,0.35
pep_0726,pep_0975,0.42
pep_0249,pep_0975,0.4
pep_0278,pep_0086,0.35
pep_0278,pep_0299,0.42
pep_0086,pep_0299,0.4
pep_0022,pep_0932,0.35
pep_0022,pep_0809,0.42
pep_0932,pep_0809,0.4
pep_0201,pep_0850,0.35
pep_0201,pep_0677,0.42
pep_0850,pep_0677,0.4
pep_0294,pep_0078,0.35
pep_0294,pep_0373,0.42
pep_0078,pep_0373,0.4
pep_0052,pep_0723,0.35
pep_0052,pep_0668,0.42
pep_0723,pep_0668,0.4
pep_0217,pep_0367,0.35
pep_0217,pep_0300,0.42
pep_0367,pep_0300,0.4
pep_0053,pep_0808,0.35
pep_0053,pep_0267,0.42
pep_0808,pep_0267,0.4
pep_0186,pep_0795,0.35
pep_0186,pep_0368,0.42
pep_0795,pep_0368,0.4
pep_0446,pep_0747,0.35
pep_0446,pep_0694,0.42
pep_0747,pep_0694,0.4
pep_0994,pep_0565,0.35
pep_0994,pep_0088,0.42
pep_0565,pep_0088,0.4
pep_0465,pep_0066,0.35
pep_0465,pep_0401,0.42
pep_0066,pep_0401,0.4
pep_0567,pep_0011,0.35
pep_0567,pep_0207,0.42
pep_0011,pep_0207,0.4
pep_0274,pep_0485,0.35
pep_0274,pep_0540,0.42
pep_0485,pep_0540,0.4
pep_0727,pep_0886,0.35
pep_0727,pep_0945,0.42
pep_0886,pep_0945,0.4
pep_0880,pep_0330,0.35
pep_0880,pep_0216,0.42
pep_0330,pep_0216,0.4
pep_0588,pep_0631,0.35
pep_0588,pep_0255,0.42
pep_0631,pep_0255,0.4
pep_0265,pep_0514,0.35
pep_0265,pep_0019,0.42
pep_0514,pep_0019,0.4
pep_0876,pep_0319,0.35
pep_0876,pep_0005,0.42
pep_0319,pep_0005,0.4
pep_0531,pep_0776,0.35
pep_0531,pep_0136,0.42
pep_0776,pep_0136,0.4
pep_0663,pep_0964,0.35
pep_0663,pep_0618,0.42
pep_0964,pep_0618,0.4
pep_0820,pep_0874,0.35
pep_0820,pep_0728,0.42
pep_0874,pep_0728,0.4
pep_0783,pep_0252,0.35
pep_0783,pep_0525,0.42
pep_0252,pep_0525,0.4
pep_0382,pep_0004,0.35
pep_0382,pep_0095,0.42
pep_0004,pep_0095,0.4
pep_0564,pep_0457,0.35
pep_0564,pep_0113,0.42
pep_0457,pep_0113,0.4
pep_0112,pep_0647,0.35
pep_0112,pep_0487,0.42
pep_0647,pep_0487,0.4
pep_0949,pep_0520,0.35
pep_0949,pep_0612,0.42
pep_0520,pep_0612,0.4
pep_0523,pep_0445,0.35
pep_0523,pep_0358,0.42
pep_0445,pep_0358,0.4
pep_0895,pep_0220,0.35
pep_0895,pep_0351,0.42
pep_0220,pep_0351,0.4
pep_0637,pep_0483,0.35
pep_0637,pep_0107,0.42
pep_0483,pep_0107,0.4
pep_0700,pep_0067,0.35
pep_0700,pep_0288,0.42
pep_0067,pep_0288,0.4
pep_0731,pep_0899,0.35
pep_0731,pep_0775,0.42
pep_0899,pep_0775,0.4
pep_0506,pep_0541,0.35
pep_0506,pep_0134,0.42
pep_0541,pep_0134,0.4
pep_0234,pep_0644,0.35
pep_0234,pep_0498,0.42
pep_0644,pep_0498,0.4
pep_0282,pep_0225,0.35
pep_0282,pep_0927,0.42
pep_0225,pep_0927,0.4
pep_0184,pep_0438,0.35
pep_0184,pep_0763,0.42
pep_0438,pep_0763,0.4
pep_0574,pep_0045,0.35
pep_0574,pep_0215,0.42
pep_0045,pep_0215,0.4
pep_0815,pep_0270,0.35
pep_0815,pep_0208,0.42
pep_0270,pep_0208,0.4
pep_0266,pep_0898,0.35
pep_0266,pep_0102,0.42
pep_0898,pep_0102,0.4
pep_0128,pep_0512,0.35
pep_0128,pep_0137,0.42
pep_0512,pep_0137,0.4
pep_0870,pep_0385,0.35
pep_0870,pep_0674,0.42
pep_0385,pep_0674,0.4
pep_0168,pep_0157,0.35
pep_0168,pep_0287,0.42
pep_0157,pep_0287,0.4
pep_0965,pep_0502,0.35
pep_0965,pep_0581,0.42
pep_0502,pep_0581,0.4
pep_0173,pep_0746,0.35
pep_0173,pep_0777,0.42
pep_0746,pep_0777,0.4
pep_0286,pep_0853,0.35
pep_0286,pep_0148,0.42
pep_0853,pep_0148,0.4
pep_0848,pep_0247,0.35
pep_0848,pep_0703,0.42
pep_0247,pep_0703,0.4
pep_0745,pep_0146,0.35
pep_0745,pep_0323,0.42
pep_0146,pep_0323,0.4
pep_0712,pep_0472,0.35
pep_0712,pep_1000,0.42
pep_0472,pep_1000,0.4
pep_0192,pep_0907,0.35
pep_0192,pep_0509,0.42
pep_0907,pep_0509,0.4
pep_0866,pep_0116,0.35
pep_0866,pep_0169,0.42
pep_0116,pep_0169,0.4
pep_0057,pep_0118,0.35
pep_0057,pep_0672,0.42
pep_0118,pep_0672,0.4
pep_0001,pep_0038,0.35
pep_0001,pep_0767,0.42
pep_0038,pep_0767,0.4
pep_0710,pep_0158,0.35
pep_0710,pep_0681,0.42
pep_0158,pep_0681,0.4
pep_0835,pep_0449,0.35
pep_0835,pep_0589,0.42
pep_0449,pep_0589,0.4
pep_0298,pep_0375,0.35
pep_0298,pep_0317,0.42
pep_0375,pep_0317,0.4
pep_0584,pep_0944,0.35
pep_0584,pep_0396,0.42
pep_0944,pep_0396,0.4
pep_0909,pep_0593,0.35
pep_0909,pep_0461,0.42
pep_0593,pep_0461,0.4
pep_0046,pep_0236,0.35
pep_0046,pep_0913,0.42
pep_0236,pep_0913,0.4
pep_0518,pep_0077,0.35
pep_0518,pep_0609,0.42
pep_0077,pep_0609,0.4
pep_0160,pep_0238,0.35
pep_0160,pep_0405,0.42
pep_0238,pep_0405,0.4
pep_0769,pep_0044,0.35
pep_0769,pep_0151,0.42
pep_0044,pep_0151,0.4
pep_0307,pep_0720,0.35
pep_0307,pep_0398,0.42
pep_0720,pep_0398,0.4
pep_0164,pep_0610,0.35
pep_0164,pep_0840,0.42
pep_0610,pep_0840,0.4
pep_0034,pep_0627,0.35
pep_0034,pep_0478,0.42
pep_0627,pep_0478,0.4
pep_0761,pep_0680,0.35
pep_0761,pep_0141,0.42
pep_0680,pep_0141,0.4
pep_0322,pep_0614,0.35
pep_0322,pep_0961,0.42
pep_0614,pep_0961,0.4
pep_0557,pep_0957,0.35
pep_0557,pep_0200,0.42
pep_0957,pep_0200,0.4
pep_0937,pep_0580,0.35
pep_0937,pep_0549,0.42
pep_0580,pep_0549,0.4
pep_0342,pep_0545,0.35
pep_0342,pep_0414,0.42
pep_0545,pep_0414,0.4
pep_0069,pep_0748,0.35
pep_0069,pep_0296,0.42
pep_0748,pep_0296,0.4
pep_0858,pep_0260,0.35
pep_0858,pep_0515,0.42
pep_0260,pep_0515,0.4
pep_0098,pep_0784,0.35
pep_0098,pep_0258,0.42
pep_0784,pep_0258,0.4
pep_0653,pep_0293,0.35
pep_0653,pep_0474,0.42
pep_0293,pep_0474,0.4
pep_0872,pep_0650,0.35
pep_0872,pep_0640,0.42
pep_0650,pep_0640,0.4
pep_0093,pep_0611,0.35
pep_0093,pep_0979,0.42
pep_0611,pep_0979,0.4
pep_0475,pep_0972,0.35
pep_0475,pep_0318,0.42
pep_0972,pep_0318,0.4
pep_0070,pep_0030,0.35
pep_0070,pep_0041,0.42
pep_0030,pep_0041,0.4
pep_0522,pep_0334,0.35
pep_0522,pep_0145,0.42
pep_0334,pep_0145,0.4
pep_0290,pep_0436,0.35
pep_0290,pep_0542,0.42
pep_0436,pep_0542,0.4
pep_0755,pep_0778,0.35
pep_0755,pep_0309,0.42
pep_0778,pep_0309,0.4
pep_0320,pep_0130,0.35
pep_0320,pep_0690,0.42
pep_0130,pep_0690,0.4
pep_0998,pep_0837,0.35
pep_0998,pep_0242,0.42
pep_0837,pep_0242,0.4
pep_0117,pep_0510,0.35
pep_0117,pep_0591,0.42
pep_0510,pep_0591,0.4
pep_0106,pep_0443,0.35
pep_0106,pep_0003,0.42
pep_0443,pep_0003,0.4
pep_0539,pep_0232,0.35
pep_0539,pep_0586,0.42
pep_0232,pep_0586,0.4
pep_0072,pep_0219,0.35
pep_0072,pep_0462,0.42
pep_0219,pep_0462,0.4
pep_0615,pep_0822,0.35
pep_0615,pep_0790,0.42
pep_0822,pep_0790,0.4
pep_0552,pep_0833,0.35
pep_0552,pep_0394,0.42
pep_0833,pep_0394,0.4
pep_0441,pep_0357,0.35
pep_0441,pep_0349,0.42
pep_0357,pep_0349,0.4
pep_0040,pep_0406,0.35
pep_0040,pep_0892,0.42
pep_0406,pep_0892,0.4
pep_0455,pep_0548,0.35
pep_0455,pep_0063,0.42
pep_0548,pep_0063,0.4
pep_0393,pep_0341,0.35
pep_0393,pep_0352,0.42
pep_0341,pep_0352,0.4
pep_0277,pep_0606,0.35
pep_0277,pep_0392,0.42
pep_0606,pep_0392,0.4
pep_0641,pep_0582,0.35
pep_0641,pep_0869,0.42
pep_0582,pep_0869,0.4
pep_0231,pep_0426,0.35
pep_0231,pep_0524,0.42
pep_0426,pep_0524,0.4
pep_0221,pep_0111,0.35
pep_0221,pep_0759,0.42
pep_0111,pep_0759,0.4
pep_0419,pep_0604,0.35
pep_0419,pep_0921,0.42
pep_0604,pep_0921,0.4
pep_0194,pep_0805,0.35
pep_0194,pep_0209,0.42
pep_0805,pep_0209,0.4
pep_0711,pep_0704,0.35
pep_0711,pep_0243,0.42
pep_0704,pep_0243,0.4
pep_0649,pep_0883,0.35
pep_0649,pep_0887,0.42
pep_0883,pep_0887,0.4
pep_0566,pep_0662,0.35
pep_0566,pep_0376,0.42
pep_0662,pep_0376,0.4
pep_0068,pep_0199,0.35
pep_0068,pep_0336,0.42
pep_0199,pep_0336,0.4
pep_0902,pep_0284,0.35
pep_0902,pep_0227,0.42
pep_0284,pep_0227,0.4
pep_0779,pep_0959,0.35
pep_0779,pep_0264,0.42
pep_0959,pep_0264,0.4
pep_0984,pep_0162,0.35
pep_0984,pep_0239,0.42
pep_0162,pep_0239,0.4
pep_0143,pep_0508,0.35
pep_0143,pep_0020,0.42
pep_0508,pep_0020,0.4
pep_0211,pep_0250,0.35
pep_0211,pep_0178,0.42
pep_0250,pep_0178,0.4
pep_0348,pep_0682,0.35
pep_0348,pep_0622,0.42
pep_0682,pep_0622,0.4
pep_0638,pep_0950,0.35
pep_0638,pep_0828,0.42
pep_0950,pep_0828,0.4
pep_0875,pep_0085,0.35
pep_0875,pep_0009,0.42
pep_0085,pep_0009,0.4
pep_0295,pep_0332,0.35
pep_0295,pep_0031,0.42
pep_0332,pep_0031,0.4
pep_0912,pep_0094,0.35
pep_0912,pep_0187,0.42
pep_0094,pep_0187,0.4
pep_0091,pep_0666,0.35
pep_0091,pep_0089,0.42
pep_0666,pep_0089,0.4
pep_0241,pep_0550,0.35
pep_0241,pep_0403,0.42
pep_0550,pep_0403,0.4
pep_0477,pep_0827,0.35
pep_0477,pep_0008,0.42
pep_0827,pep_0008,0.4
pep_0838,pep_0180,0.35
pep_0838,pep_0253,0.42
pep_0180,pep_0253,0.4
pep_0499,pep_0303,0.35
pep_0499,pep_0930,0.42
pep_0303,pep_0930,0.4
pep_0718,pep_0983,0.35
pep_0718,pep_0928,0.42
pep_0983,pep_0928,0.4
pep_0422,pep_0725,0.35
pep_0422,pep_0205,0.42
pep_0725,pep_0205,0.4
pep_0335,pep_0409,0.35
pep_0335,pep_0228,0.42
pep_0409,pep_0228,0.4
pep_0579,pep_0135,0.35
pep_0579,pep_0108,0.42
pep_0135,pep_0108,0.4
pep_0353,pep_0715,0.35
pep_0353,pep_0707,0.42
pep_0715,pep_0707,0.4
pep_0603,pep_0938,0.35
pep_0603,pep_0119,0.42
pep_0938,pep_0119,0.4
pep_0851,pep_0817,0.35
pep_0851,pep_0900,0.42
pep_0817,pep_0900,0.4
pep_0885,pep_0486,0.35
pep_0885,pep_0189,0.42
pep_0486,pep_0189,0.4
pep_0560,pep_0202,0.35
pep_0560,pep_0183,0.42
pep_0202,pep_0183,0.4
pep_0935,pep_0235,0.35
pep_0935,pep_0716,0.42
pep_0235,pep_0716,0.4
pep_0371,pep_0646,0.35
pep_0371,pep_0387,0.42
pep_0646,pep_0387,0.4
pep_0846,pep_0126,0.35
pep_0846,pep_0686,0.42
pep_0126,pep_0686,0.4
pep_0563,pep_0976,0.35
pep_0563,pep_0596,0.42
pep_0976,pep_0596,0.4
pep_0171,pep_0620,0.35
pep_0171,pep_0380,0.42
pep_0620,pep_0380,0.4
pep_0013,pep_0224,0.35
pep_0013,pep_0114,0.42
pep_0224,pep_0114,0.4
pep_0908,pep_0713,0.35
pep_0908,pep_0860,0.42
pep_0713,pep_0860,0.4
pep_0028,pep_0605,0.35
pep_0028,pep_0511,0.42
pep_0605,pep_0511,0.4
pep_0188,pep_0750,0.35
pep_0188,pep_0163,0.42
pep_0750,pep_0163,0.4
pep_0756,pep_0841,0.35
pep_0756,pep_0623,0.42
pep_0841,pep_0623,0.4
pep_0925,pep_0440,0.35
pep_0925,pep_0268,0.42
pep_0440,pep_0268,0.4
pep_0427,pep_0021,0.35
pep_0427,pep_0852,0.42
pep_0021,pep_0852,0.4
pep_0035,pep_0152,0.35
pep_0035,pep_0120,0.42
pep_0152,pep_0120,0.4
pep_0709,pep_0526,0.35
pep_0709,pep_0248,0.42
pep_0526,pep_0248,0.4
pep_0977,pep_0156,0.35
pep_0977,pep_0324,0.42
pep_0156,pep_0324,0.4
pep_0906,pep_0036,0.35
pep_0906,pep_0788,0.42
pep_0036,pep_0788,0.4
pep_0751,pep_0633,0.35
pep_0751,pep_0801,0.42
pep_0633,pep_0801,0.4
pep_0940,pep_0782,0.35
pep_0940,pep_0931,0.42
pep_0782,pep_0931,0.4
pep_0888,pep_0259,0.35
pep_0888,pep_0314,0.42
pep_0259,pep_0314,0.4
pep_0893,pep_0936,0.35
pep_0893,pep_0017,0.42
pep_0936,pep_0017,0.4
pep_0635,pep_0740,0.35
pep_0635,pep_0799,0.42
pep_0740,pep_0799,0.4
pep_0847,pep_0861,0.35
pep_0847,pep_0269,0.42
pep_0861,pep_0269,0.4
pep_0272,pep_0359,0.35
pep_0272,pep_0834,0.42
pep_0359,pep_0834,0.4
pep_0849,pep_0655,0.35
pep_0849,pep_0311,0.42
pep_0655,pep_0311,0.4
pep_0344,pep_0198,0.35
pep_0344,pep_0667,0.42
pep_0198,pep_0667,0.4
pep_0346,pep_0361,0.35
pep_0346,pep_0285,0.42
pep_0361,pep_0285,0.4
pep_0074,pep_0897,0.35
pep_0074,pep_0585,0.42
pep_0897,pep_0585,0.4
pep_0454,pep_0765,0.35
pep_0454,pep_0621,0.42
pep_0765,pep_0621,0.4
pep_0437,pep_0429,0.35
pep_0437,pep_0384,0.42
pep_0429,pep_0384,0.4
pep_0237,pep_0570,0.35
pep_0237,pep_0308,0.42
pep_0570,pep_0308,0.4
pep_0859,pep_0632,0.35
pep_0859,pep_0397,0.42
pep_0632,pep_0397,0.4
pep_0271,pep_0792,0.35
pep_0271,pep_0275,0.42
pep_0792,pep_0275,0.4
pep_0839,pep_0080,0.35
pep_0839,pep_0772,0.42
pep_0080,pep_0772,0.4
pep_0941,pep_0343,0.35
pep_0941,pep_0014,0.42
pep_0343,pep_0014,0.4
pep_0966,pep_0934,0.35
pep_0966,pep_0952,0.42
pep_0934,pep_0952,0.4
pep_0062,pep_0354,0.35
pep_0062,pep_0958,0.42
pep_0354,pep_0958,0.4
pep_0991,pep_0400,0.35
pep_0991,pep_0122,0.42
pep_0400,pep_0122,0.4
pep_0643,pep_0379,0.35
pep_0643,pep_0153,0.42
pep_0379,pep_0153,0.4
pep_0493,pep_0181,0.35
pep_0493,pep_0312,0.42
pep_0181,pep_0312,0.4
pep_0770,pep_0696,0.35
pep_0770,pep_0519,0.42
pep_0696,pep_0519,0.4
pep_0170,pep_0705,0.35
pep_0170,pep_0054,0.42
pep_0705,pep_0054,0.4
pep_0530,pep_0982,0.35
pep_0530,pep_0132,0.42
pep_0982,pep_0132,0.4
pep_0495,pep_0812,0.35
pep_0495,pep_0871,0.42
pep_0812,pep_0871,0.4
pep_0155,pep_0442,0.35
pep_0155,pep_0939,0.42
pep_0442,pep_0939,0.4
pep_0023,pep_0026,0.35
pep_0023,pep_0634,0.42
pep_0026,pep_0634,0.4
pep_0971,pep_0212,0.35
pep_0971,pep_0877,0.42
pep_0212,pep_0877,0.4
pep_0754,pep_0101,0.35
pep_0754,pep_0915,0.42
pep_0101,pep_0915,0.4
pep_0489,pep_0602,0.35
pep_0489,pep_0736,0.42
pep_0602,pep_0736,0.4
pep_0313,pep_0482,0.35
pep_0313,pep_0742,0.42
pep_0482,pep_0742,0.4
pep_0826,pep_0954,0.35
pep_0826,pep_0687,0.42
pep_0954,pep_0687,0.4
pep_0917,pep_0369,0.35
pep_0917,pep_0689,0.42
pep_0369,pep_0689,0.4
pep_0684,pep_0797,0.35
pep_0684,pep_0903,0.42
pep_0797,pep_0903,0.4
pep_0043,pep_0083,0.35
pep_0043,pep_0691,0.42
pep_0083,pep_0691,0.4
pep_0222,pep_0683,0.35
pep_0222,pep_0890,0.42
pep_0683,pep_0890,0.4
pep_0055,pep_0665,0.35
pep_0055,pep_0110,0.42
pep_0665,pep_0110,0.4
pep_0652,pep_0127,0.35
pep_0652,pep_0420,0.42
pep_0127,pep_0420,0.4
pep_0125,pep_0206,0.35
pep_0125,pep_0673,0.42
pep_0206,pep_0673,0.4
pep_0377,pep_0356,0.35
pep_0377,pep_0087,0.42
pep_0356,pep_0087,0.4
pep_0149,pep_0559,0.35
pep_0149,pep_0953,0.42
pep_0559,pep_0953,0.4
pep_0896,pep_0061,0.35
pep_0896,pep_0049,0.42
pep_0061,pep_0049,0.4
pep_0291,pep_0010,0.35
pep_0291,pep_0768,0.42
pep_0010,pep_0768,0.4
pep_0843,pep_0556,0.35
pep_0843,pep_0159,0.42
pep_0556,pep_0159,0.4
pep_0479,pep_0388,0.35
pep_0479,pep_0056,0.42
pep_0388,pep_0056,0.4
pep_0575,pep_0084,0.35
pep_0575,pep_0081,0.42
pep_0084,pep_0081,0.4
pep_0325,pep_0470,0.35
pep_0325,pep_0993,0.42
pep_0470,pep_0993,0.4
pep_0469,pep_0758,0.35
pep_0469,pep_0807,0.42
pep_0758,pep_0807,0.4
pep_0787,pep_0536,0.35
pep_0787,pep_0933,0.42
pep_0536,pep_0933,0.4
pep_0492,pep_0407,0.35
pep_0492,pep_0832,0.42
pep_0407,pep_0832,0.4
pep_0854,pep_0661,0.35
pep_0854,pep_0527,0.42
pep_0661,pep_0527,0.4
pep_0583,pep_0042,0.35
pep_0583,pep_0781,0.42
pep_0042,pep_0781,0.4
pep_0960,pep_0024,0.35
pep_0960,pep_0679,0.42
pep_0024,pep_0679,0.4
pep_0685,pep_0327,0.35
pep_0685,pep_0033,0.42
pep_0327,pep_0033,0.4
pep_0365,pep_0246,0.35
pep_0365,pep_0597,0.42
pep_0246,pep_0597,0.4
pep_0698,pep_0551,0.35
pep_0698,pep_0195,0.42
pep_0551,pep_0195,0.4
pep_0544,pep_0733,0.35
pep_0544,pep_0813,0.42
pep_0733,pep_0813,0.4
pep_0360,pep_0331,0.35
pep_0360,pep_0447,0.42
pep_0331,pep_0447,0.4
pep_0568,pep_0905,0.35
pep_0568,pep_0901,0.42
pep_0905,pep_0901,0.4
pep_0576,pep_0555,0.35
pep_0576,pep_0147,0.42
pep_0555,pep_0147,0.4
pep_0006,pep_0642,0.35
pep_0006,pep_0463,0.42
pep_0642,pep_0463,0.4
pep_0739,pep_0096,0.35
pep_0739,pep_0018,0.42
pep_0096,pep_0018,0.4
pep_0037,pep_0914,0.35
pep_0037,pep_0762,0.42
pep_0914,pep_0762,0.4
pep_0738,pep_0144,0.35
pep_0738,pep_0558,0.42
pep_0144,pep_0558,0.4
pep_0129,pep_0104,0.35
pep_0129,pep_0600,0.42
pep_0104,pep_0600,0.4
pep_0496,pep_0608,0.35
pep_0496,pep_0629,0.42
pep_0608,pep_0629,0.4
pep_0753,pep_0553,0.35
pep_0753,pep_0383,0.42
pep_0553,pep_0383,0.4
pep_0304,pep_0517,0.35
pep_0304,pep_0651,0.42
pep_0517,pep_0651,0.4
pep_0599,pep_0863,0.35
pep_0599,pep_0573,0.42
pep_0863,pep_0573,0.4
pep_0864,pep_0435,0.35
pep_0864,pep_0990,0.42
pep_0435,pep_0990,0.4
pep_0355,pep_0951,0.35
pep_0355,pep_0213,0.42
pep_0951,pep_0213,0.4
pep_0029,pep_0182,0.35
pep_0029,pep_0025,0.42
pep_0182,pep_0025,0.4
pep_0399,pep_0995,0.35
pep_0399,pep_0065,0.42
pep_0995,pep_0065,0.4
pep_0980,pep_0350,0.35
pep_0980,pep_0986,0.42
pep_0350,pep_0986,0.4
pep_0039,pep_0444,0.35
pep_0039,pep_0962,0.42
pep_0444,pep_0962,0.4
pep_0729,pep_0007,0.35
pep_0729,pep_0402,0.42
pep_0007,pep_0402,0.4
pep_0425,pep_0697,0.35
pep_0425,pep_0714,0.42
pep_0697,pep_0714,0.4
pep_0416,pep_0185,0.35
pep_0416,pep_0226,0.42
pep_0185,pep_0226,0.4
pep_0204,pep_0818,0.35
pep_0204,pep_0176,0.42
pep_0818,pep_0176,0.4
pep_0825,pep_0533,0.35
pep_0825,pep_0124,0.42
pep_0533,pep_0124,0.4
pep_0719,pep_0656,0.35
pep_0719,pep_0395,0.42
pep_0656,pep_0395,0.4
pep_0466,pep_0423,0.35
pep_0466,pep_0142,0.42
pep_0423,pep_0142,0.4
pep_0289,pep_0528,0.35
pep_0289,pep_0785,0.42
pep_0528,pep_0785,0.4
pep_0920,pep_0857,0.35
pep_0920,pep_0229,0.42
pep_0857,pep_0229,0.4
pep_0630,pep_0802,0.35
pep_0630,pep_0326,0.42
pep_0802,pep_0326,0.4
pep_0273,pep_0884,0.35
pep_0273,pep_0073,0.42
pep_0884,pep_0073,0.4
pep_0172,pep_0701,0.35
pep_0172,pep_0658,0.42
pep_0701,pep_0658,0.4
pep_0333,pep_0532,0.35
pep_0333,pep_0283,0.42
pep_0532,pep_0283,0.4
pep_0628,pep_0969,0.35
pep_0628,pep_0910,0.42
pep_0969,pep_0910,0.4
pep_0097,pep_0060,0.35
pep_0097,pep_0724,0.42
pep_0060,pep_0724,0.4
pep_0210,pep_0764,0.35
pep_0210,pep_0695,0.42
pep_0764,pep_0695,0.4
pep_0301,pep_0501,0.35
pep_0301,pep_0175,0.42
pep_0501,pep_0175,0.4
pep_0918,pep_0617,0.35
pep_0918,pep_0836,0.42
pep_0617,pep_0836,0.4
pep_0942,pep_0806,0.35
pep_0942,pep_0699,0.42
pep_0806,pep_0699,0.4
pep_0386,pep_0978,0.35
pep_0386,pep_0534,0.42
pep_0978,pep_0534,0.4
pep_0103,pep_0521,0.35
pep_0103,pep_0819,0.42
pep_0521,pep_0819,0.4
pep_0050,pep_0607,0.35
pep_0050,pep_0302,0.42
pep_0607,pep_0302,0.4
pep_0123,pep_0996,0.35
pep_0123,pep_0090,0.42
pep_0996,pep_0090,0.4
pep_0760,pep_0015,0.35
pep_0760,pep_0616,0.42
pep_0015,pep_0616,0.4
pep_0721,pep_0999,0.35
pep_0721,pep_0970,0.42
pep_0999,pep_0970,0.4
pep_0032,pep_0480,0.35
pep_0032,pep_0796,0.42
pep_0480,pep_0796,0.4
pep_0233,pep_0985,0.35
pep_0233,pep_0814,0.42
pep_0985,pep_0814,0.4
pep_0590,pep_0889,0.35
pep_0590,pep_0254,0.42
pep_0889,pep_0254,0.4
pep_0601,pep_0133,0.35
pep_0601,pep_0452,0.42
pep_0133,pep_0452,0.4
pep_0561,pep_0624,0.35
pep_0561,pep_0717,0.42
pep_0624,pep_0717,0.4
pep_0048,pep_0476,0.35
pep_0048,pep_0362,0.42
pep_0476,pep_0362,0.4
pep_0105,pep_0569,0.35
pep_0105,pep_0490,0.42
pep_0569,pep_0490,0.4
pep_0824,pep_0862,0.35
pep_0824,pep_0203,0.42
pep_0862,pep_0203,0.4
pep_0448,pep_0503,0.35
pep_0448,pep_0968,0.42
pep_0503,pep_0968,0.4
pep_0967,pep_0491,0.35
pep_0967,pep_0458,0.42
pep_0491,pep_0458,0.4
pep_0251,pep_0467,0.35
pep_0251,pep_0451,0.42
pep_0467,pep_0451,0.4
pep_0497,pep_0179,0.35
pep_0497,pep_0138,0.42
pep_0179,pep_0138,0.4
pep_0410,pep_0798,0.35
pep_0410,pep_0421,0.42
pep_0798,pep_0421,0.4
pep_0997,pep_0794,0.35
pep_0997,pep_0516,0.42
pep_0794,pep_0516,0.4
pep_0428,pep_0340,0.35
pep_0428,pep_0505,0.42
pep_0340,pep_0505,0.4
pep_0702,pep_0494,0.35
pep_0702,pep_0092,0.42
pep_0494,pep_0092,0.4
pep_0773,pep_0926,0.35
pep_0773,pep_0894,0.42
pep_0926,pep_0894,0.4
pep_0433,pep_0789,0.35
pep_0433,pep_0804,0.42
pep_0789,pep_0804,0.4
pep_0370,pep_0051,0.35
pep_0370,pep_0058,0.42
pep_0051,pep_0058,0.4
pep_0708,pep_0791,0.35
pep_0708,pep_0165,0.42
pep_0791,pep_0165,0.4
pep_0240,pep_0378,0.35
pep_0240,pep_0310,0.42
pep_0378,pep_0310,0.4
pep_0411,pep_0572,0.35
pep_0411,pep_0456,0.42
pep_0572,pep_0456,0.4
pep_0027,pep_0657,0.35
pep_0027,pep_0450,0.42
pep_0657,pep_0450,0.4
pep_0882,pep_0538,0.35
pep_0882,pep_0911,0.42
pep_0538,pep_0911,0.4
pep_0956,pep_0816,0.35
pep_0956,pep_0654,0.42
pep_0816,pep_0654,0.4
pep_0329,pep_0316,0.35
pep_0329,pep_0669,0.42
pep_0316,pep_0669,0.4
pep_0082,pep_0131,0.35
pep_0082,pep_0868,0.42
pep_0131,pep_0868,0.4
pep_0989,pep_0810,0.35
pep_0989,pep_0174,0.42
pep_0810,pep_0174,0.4
pep_0218,pep_0432,0.35
pep_0218,pep_0598,0.42
pep_0432,pep_0598,0.4
pep_0257,pep_0774,0.35
pep_0257,pep_0660,0.42
pep_0774,pep_0660,0.4
pep_0735,pep_0191,0.35
pep_0735,pep_0830,0.42
pep_0191,pep_0830,0.4
pep_0279,pep_0366,0.35
pep_0279,pep_0507,0.42
pep_0366,pep_0507,0.4
pep_0793,pep_0139,0.35
pep_0793,pep_0504,0.42
pep_0139,pep_0504,0.4
pep_0881,pep_0468,0.35
pep_0881,pep_0167,0.42
pep_0468,pep_0167,0.4
pep_0855,pep_0464,0.35
pep_0855,pep_0500,0.42
pep_0464,pep_0500,0.4
pep_0244,pep_0948,0.35
pep_0244,pep_0263,0.42
pep_0948,pep_0263,0.4
pep_0636,pep_0904,0.35
pep_0636,pep_0328,0.42
pep_0904,pep_0328,0.4
pep_0430,pep_0626,0.35
pep_0430,pep_0256,0.42
pep_0626,pep_0256,0.4
pep_0537,pep_0306,0.35
pep_0537,pep_0214,0.42
pep_0306,pep_0214,0.4
pep_0345,pep_0891,0.35
pep_0345,pep_0692,0.42
pep_0891,pep_0692,0.4
pep_0121,pep_0390,0.35
pep_0121,pep_0484,0.42
pep_0390,pep_0484,0.4
pep_0488,pep_0374,0.35
pep_0488,pep_0693,0.42
pep_0374,pep_0693,0.4
pep_0803,pep_0535,0.35
pep_0803,pep_0315,0.42
pep_0535,pep_0315,0.4
pep_0845,pep_0297,0.35
pep_0845,pep_0012,0.42
pep_0297,pep_0012,0.4
pep_0413,pep_0281,0.35
pep_0413,pep_0659,0.42
pep_0281,pep_0659,0.4
pep_0002,pep_0076,0.35
pep_0002,pep_0471,0.42
pep_0076,pep_0471,0.4
pep_0140,pep_0404,0.35
pep_0140,pep_0150,0.42
pep_0404,pep_0150,0.4
pep_0916,pep_0161,0.35
pep_0916,pep_0771,0.42
pep_0161,pep_0771,0.4
pep_0821,pep_0844,0.35
pep_0821,pep_0842,0.42
pep_0844,pep_0842,0.4
pep_0587,pep_0974,0.35
pep_0587,pep_0230,0.42
pep_0974,pep_0230,0.4
pep_0439,pep_0943,0.35
pep_0439,pep_0963,0.42
pep_0943,pep_0963,0.4
pep_0639,pep_0245,0.35
pep_0639,pep_0923,0.42
pep_0245,pep_0923,0.4
pep_0955,pep_0749,0.35
pep_0955,pep_0154,0.42
pep_0749,pep_0154,0.4
pep_0757,pep_0867,0.35
pep_0757,pep_0743,0.42
pep_0867,pep_0743,0.4
pep_0529,pep_0075,0.35
pep_0529,pep_0177,0.42
pep_0075,pep_0177,0.4
